Wall time,Step,Value
1666484637.921826,0,0.6517006754875183
1666484766.842678,1,0.7402721047401428
1666484893.401527,2,0.7470748424530029
1666485019.086807,3,0.775374174118042
1666485144.770476,4,0.7978231310844421
1666485271.493032,5,0.8036734461784363
1666485398.11342,6,0.8088435530662537
1666485524.473766,7,0.8122448921203613
1666485650.687466,8,0.8163265585899353
1666485777.874492,9,0.8061224222183228
