Wall time,Step,Value
1666484637.921233,0,0.6277040839195251
1666484766.8421,1,0.5288059115409851
1666484893.400936,2,0.5137828588485718
1666485019.086159,3,0.4796466529369354
1666485144.769875,4,0.43474698066711426
1666485271.492484,5,0.42621755599975586
1666485398.112837,6,0.42964398860931396
1666485524.473171,7,0.429676353931427
1666485650.686885,8,0.4300273656845093
1666485777.873704,9,0.4668675661087036
