Wall time,Step,Value
1666486338.710141,0,0.6556462645530701
1666486352.865905,1,0.7519727945327759
1666486367.030463,2,0.7187755107879639
1666486381.14668,3,0.7684353590011597
1666486396.87826,4,0.7848979830741882
1666486411.020086,5,0.7857142686843872
1666486425.085583,6,0.7832652926445007
1666486439.187956,7,0.7843537330627441
1666486455.120091,8,0.7899319529533386
1666486469.213008,9,0.7814965844154358
