Wall time,Step,Value
1666479725.607078,0,0.5670298337936401
1666479852.135785,1,0.5003480315208435
1666479980.676313,2,0.47120848298072815
1666480108.394954,3,0.4655900299549103
1666480234.806523,4,0.43514284491539
1666480361.540368,5,0.4275747835636139
1666480488.999493,6,0.426081120967865
1666480617.074995,7,0.4418025612831116
1666480743.968078,8,0.49926498532295227
1666480868.852942,9,0.5069037079811096
