Wall time,Step,Value
1666479725.607709,0,0.7046258449554443
1666479852.136359,1,0.7582312822341919
1666479980.677015,2,0.7738775610923767
1666480108.395564,3,0.7817686796188354
1666480234.807444,4,0.7994557619094849
1666480361.540947,5,0.808571457862854
1666480489.000353,6,0.8095238208770752
1666480617.075632,7,0.8129251599311829
1666480743.968882,8,0.8024489879608154
1666480868.853539,9,0.8104761838912964
