Wall time,Step,Value
1666489613.805335,0,0.6214780807495117
1666489742.497717,1,0.5836905837059021
1666489872.768781,2,0.5249916911125183
1666490000.089737,3,0.4779699742794037
1666490129.78958,4,0.45471635460853577
1666490259.528868,5,0.4548572301864624
1666490388.312636,6,0.43611690402030945
1666490517.971379,7,0.46640637516975403
1666490650.342495,8,0.4496219754219055
1666490781.550447,9,0.5011542439460754
