Wall time,Step,Value
1666489613.805941,0,0.6638095378875732
1666489742.498649,1,0.688299298286438
1666489872.769358,2,0.728707492351532
1666490000.090326,3,0.7725170254707336
1666490129.790165,4,0.7859864234924316
1666490259.529548,5,0.7895237803459167
1666490388.313371,6,0.8036734461784363
1666490517.972283,7,0.7926530838012695
1666490650.343153,8,0.8069387674331665
1666490781.551041,9,0.8059864044189453
