Wall time,Step,Value
1666486338.709541,0,0.6249932050704956
1666486352.865317,1,0.5154337286949158
1666486367.029865,2,0.5482345223426819
1666486381.146085,3,0.4793597459793091
1666486396.877667,4,0.46349838376045227
1666486411.019496,5,0.45070353150367737
1666486425.084995,6,0.4716903269290924
1666486439.187226,7,0.4593590199947357
1666486455.1195,8,0.48308709263801575
1666486469.212423,9,0.4810297191143036
